model,condition,class_id,action,support,clean_accuracy,accuracy,absolute_drop
stgcn,clean,0,drink water,274,0.8795620437956204,0.8795620437956204,0.0
stgcn,clean,1,eat meal/snack,275,0.730909090909091,0.730909090909091,0.0
stgcn,clean,2,brushing teeth,273,0.8534798534798534,0.8534798534798534,0.0
stgcn,clean,3,brushing hair,273,0.9084249084249084,0.9084249084249084,0.0
stgcn,clean,4,drop,275,0.8363636363636363,0.8363636363636363,0.0
stgcn,clean,5,pickup,275,0.9345454545454546,0.9345454545454546,0.0
stgcn,clean,6,throw,275,0.9127272727272727,0.9127272727272727,0.0
stgcn,clean,7,sitting down,273,0.9743589743589743,0.9743589743589743,0.0
stgcn,clean,8,standing up (from sitting position),273,0.978021978021978,0.978021978021978,0.0
stgcn,clean,9,clapping,273,0.7802197802197802,0.7802197802197802,0.0
stgcn,coord_noise_mild,35,shake head,275,0.9418181818181818,0.007272727272727273,0.9345454545454545
stgcn,coord_noise_mild,36,wipe face,276,0.8297101449275363,0.07608695652173914,0.7536231884057971
stgcn,coord_noise_mild,56,touch other person's pocket,275,0.92,0.2509090909090909,0.6690909090909092
stgcn,coord_noise_mild,33,rub two hands together,276,0.8768115942028986,0.2318840579710145,0.644927536231884
stgcn,coord_noise_mild,38,put the palms together,276,0.9347826086956522,0.36231884057971014,0.5724637681159421
stgcn,coord_noise_mild,0,drink water,274,0.8795620437956204,0.3284671532846715,0.551094890510949
stgcn,coord_noise_mild,4,drop,275,0.8363636363636363,0.3054545454545455,0.5309090909090908
stgcn,coord_noise_mild,27,make a phone call/answer phone,275,0.8581818181818182,0.3381818181818182,0.52
stgcn,coord_noise_mild,50,kicking other person,276,0.9347826086956522,0.4166666666666667,0.5181159420289856
stgcn,coord_noise_mild,57,handshaking,276,0.9528985507246377,0.4384057971014493,0.5144927536231885
stgcn,coord_noise_moderate,45,touch back (backache),276,0.9565217391304348,0.0,0.9565217391304348
stgcn,coord_noise_moderate,51,pushing other person,276,0.9565217391304348,0.0,0.9565217391304348
stgcn,coord_noise_moderate,20,take off a hat/cap,273,0.967032967032967,0.01098901098901099,0.9560439560439561
stgcn,coord_noise_moderate,57,handshaking,276,0.9528985507246377,0.0,0.9528985507246377
stgcn,coord_noise_moderate,19,put on a hat/cap,272,0.9632352941176471,0.011029411764705883,0.9522058823529412
stgcn,coord_noise_moderate,35,shake head,275,0.9418181818181818,0.0,0.9418181818181818
stgcn,coord_noise_moderate,50,kicking other person,276,0.9347826086956522,0.0,0.9347826086956522
stgcn,coord_noise_moderate,59,walking apart from each other,276,0.9637681159420289,0.028985507246376812,0.9347826086956521
stgcn,coord_noise_moderate,38,put the palms together,276,0.9347826086956522,0.007246376811594203,0.927536231884058
stgcn,coord_noise_moderate,25,hopping (one foot jumping),275,0.9854545454545455,0.05818181818181818,0.9272727272727272
stgcn,coord_noise_severe,26,jump up,276,0.9963768115942029,0.0,0.9963768115942029
stgcn,coord_noise_severe,41,staggering,276,0.9927536231884058,0.0,0.9927536231884058
stgcn,coord_noise_severe,13,wear jacket,275,0.9854545454545455,0.0,0.9854545454545455
stgcn,coord_noise_severe,25,hopping (one foot jumping),275,0.9854545454545455,0.0,0.9854545454545455
stgcn,coord_noise_severe,42,falling,275,0.9854545454545455,0.0,0.9854545454545455
stgcn,coord_noise_severe,54,hugging other person,274,0.9854014598540146,0.0072992700729927005,0.9781021897810219
stgcn,coord_noise_severe,7,sitting down,273,0.9743589743589743,0.0,0.9743589743589743
stgcn,coord_noise_severe,34,nod head/bow,276,0.9710144927536232,0.0,0.9710144927536232
stgcn,coord_noise_severe,20,take off a hat/cap,273,0.967032967032967,0.0,0.967032967032967
stgcn,coord_noise_severe,14,take off jacket,276,0.9637681159420289,0.0,0.9637681159420289
stgcn,frame_missing_mild,11,writing,272,0.5588235294117647,0.3786764705882353,0.18014705882352944
stgcn,frame_missing_mild,28,playing with phone/tablet,275,0.6981818181818182,0.52,0.17818181818181822
stgcn,frame_missing_mild,15,wear a shoe,273,0.7289377289377289,0.5604395604395604,0.16849816849816845
stgcn,frame_missing_mild,57,handshaking,276,0.9528985507246377,0.7971014492753623,0.1557971014492754
stgcn,frame_missing_mild,24,reach into pocket,274,0.8211678832116789,0.6897810218978102,0.13138686131386867
stgcn,frame_missing_mild,53,point finger at the other person,276,0.8913043478260869,0.7644927536231884,0.12681159420289856
stgcn,frame_missing_mild,17,wear on glasses,273,0.8827838827838828,0.7728937728937729,0.10989010989010983
stgcn,frame_missing_mild,41,staggering,276,0.9927536231884058,0.8913043478260869,0.10144927536231885
stgcn,frame_missing_mild,46,touch neck (neckache),276,0.8478260869565217,0.7463768115942029,0.10144927536231885
stgcn,frame_missing_mild,51,pushing other person,276,0.9565217391304348,0.8586956521739131,0.09782608695652173
stgcn,frame_missing_moderate,28,playing with phone/tablet,275,0.6981818181818182,0.31636363636363635,0.3818181818181819
stgcn,frame_missing_moderate,57,handshaking,276,0.9528985507246377,0.605072463768116,0.34782608695652173
stgcn,frame_missing_moderate,15,wear a shoe,273,0.7289377289377289,0.4249084249084249,0.304029304029304
stgcn,frame_missing_moderate,17,wear on glasses,273,0.8827838827838828,0.5824175824175825,0.3003663003663003
stgcn,frame_missing_moderate,11,writing,272,0.5588235294117647,0.2610294117647059,0.2977941176470588
stgcn,frame_missing_moderate,51,pushing other person,276,0.9565217391304348,0.6594202898550725,0.2971014492753623
stgcn,frame_missing_moderate,46,touch neck (neckache),276,0.8478260869565217,0.572463768115942,0.2753623188405797
stgcn,frame_missing_moderate,41,staggering,276,0.9927536231884058,0.7318840579710145,0.26086956521739124
stgcn,frame_missing_moderate,24,reach into pocket,274,0.8211678832116789,0.5620437956204379,0.25912408759124095
stgcn,frame_missing_moderate,36,wipe face,276,0.8297101449275363,0.5942028985507246,0.23550724637681164
stgcn,frame_missing_severe,38,put the palms together,276,0.9347826086956522,0.3333333333333333,0.6014492753623188
stgcn,frame_missing_severe,51,pushing other person,276,0.9565217391304348,0.427536231884058,0.5289855072463768
stgcn,frame_missing_severe,57,handshaking,276,0.9528985507246377,0.42391304347826086,0.5289855072463768
stgcn,frame_missing_severe,35,shake head,275,0.9418181818181818,0.41454545454545455,0.5272727272727272
stgcn,frame_missing_severe,28,playing with phone/tablet,275,0.6981818181818182,0.18545454545454546,0.5127272727272728
stgcn,frame_missing_severe,17,wear on glasses,273,0.8827838827838828,0.3772893772893773,0.5054945054945055
stgcn,frame_missing_severe,53,point finger at the other person,276,0.8913043478260869,0.39855072463768115,0.49275362318840576
stgcn,frame_missing_severe,39,cross hands in front (say stop),276,0.8985507246376812,0.41304347826086957,0.4855072463768116
stgcn,frame_missing_severe,46,touch neck (neckache),276,0.8478260869565217,0.3695652173913043,0.4782608695652174
stgcn,frame_missing_severe,41,staggering,276,0.9927536231884058,0.5253623188405797,0.46739130434782605
stgcn,joint_missing_mild,35,shake head,275,0.9418181818181818,0.07272727272727272,0.869090909090909
stgcn,joint_missing_mild,50,kicking other person,276,0.9347826086956522,0.12681159420289856,0.8079710144927537
stgcn,joint_missing_mild,23,kicking something,276,0.9239130434782609,0.21739130434782608,0.7065217391304348
stgcn,joint_missing_mild,57,handshaking,276,0.9528985507246377,0.286231884057971,0.6666666666666667
stgcn,joint_missing_mild,53,point finger at the other person,276,0.8913043478260869,0.2391304347826087,0.6521739130434783
stgcn,joint_missing_mild,38,put the palms together,276,0.9347826086956522,0.3115942028985507,0.6231884057971016
stgcn,joint_missing_mild,41,staggering,276,0.9927536231884058,0.3804347826086957,0.6123188405797101
stgcn,joint_missing_mild,24,reach into pocket,274,0.8211678832116789,0.24452554744525548,0.5766423357664234
stgcn,joint_missing_mild,43,touch head (headache),276,0.7753623188405797,0.26811594202898553,0.5072463768115942
stgcn,joint_missing_mild,46,touch neck (neckache),276,0.8478260869565217,0.35144927536231885,0.4963768115942029
stgcn,joint_missing_moderate,41,staggering,276,0.9927536231884058,0.0,0.9927536231884058
stgcn,joint_missing_moderate,42,falling,275,0.9854545454545455,0.007272727272727273,0.9781818181818182
stgcn,joint_missing_moderate,7,sitting down,273,0.9743589743589743,0.0,0.9743589743589743
stgcn,joint_missing_moderate,19,put on a hat/cap,272,0.9632352941176471,0.003676470588235294,0.9595588235294118
stgcn,joint_missing_moderate,58,walking towards each other,273,0.9926739926739927,0.03663003663003663,0.9560439560439561
stgcn,joint_missing_moderate,45,touch back (backache),276,0.9565217391304348,0.0036231884057971015,0.9528985507246377
stgcn,joint_missing_moderate,57,handshaking,276,0.9528985507246377,0.0,0.9528985507246377
stgcn,joint_missing_moderate,59,walking apart from each other,276,0.9637681159420289,0.014492753623188406,0.9492753623188406
stgcn,joint_missing_moderate,35,shake head,275,0.9418181818181818,0.0,0.9418181818181818
stgcn,joint_missing_moderate,50,kicking other person,276,0.9347826086956522,0.0,0.9347826086956522
stgcn,joint_missing_severe,26,jump up,276,0.9963768115942029,0.0,0.9963768115942029
stgcn,joint_missing_severe,41,staggering,276,0.9927536231884058,0.0,0.9927536231884058
stgcn,joint_missing_severe,58,walking towards each other,273,0.9926739926739927,0.0,0.9926739926739927
stgcn,joint_missing_severe,13,wear jacket,275,0.9854545454545455,0.0,0.9854545454545455
stgcn,joint_missing_severe,25,hopping (one foot jumping),275,0.9854545454545455,0.0,0.9854545454545455
stgcn,joint_missing_severe,42,falling,275,0.9854545454545455,0.0,0.9854545454545455
stgcn,joint_missing_severe,54,hugging other person,274,0.9854014598540146,0.0072992700729927005,0.9781021897810219
stgcn,joint_missing_severe,8,standing up (from sitting position),273,0.978021978021978,0.0,0.978021978021978
stgcn,joint_missing_severe,7,sitting down,273,0.9743589743589743,0.0,0.9743589743589743
stgcn,joint_missing_severe,34,nod head/bow,276,0.9710144927536232,0.0036231884057971015,0.967391304347826
stgcn,limb_occlusion_mild,53,point finger at the other person,276,0.8913043478260869,0.5579710144927537,0.33333333333333326
stgcn,limb_occlusion_mild,32,check time (from watch),276,0.8804347826086957,0.6702898550724637,0.21014492753623193
stgcn,limb_occlusion_mild,57,handshaking,276,0.9528985507246377,0.7572463768115942,0.19565217391304346
stgcn,limb_occlusion_mild,47,nausea or vomiting condition,275,0.88,0.6909090909090909,0.1890909090909091
stgcn,limb_occlusion_mild,44,touch chest (stomachache/heart pain),276,0.9202898550724637,0.7318840579710145,0.18840579710144922
stgcn,limb_occlusion_mild,40,sneeze/cough,276,0.7427536231884058,0.5579710144927537,0.1847826086956521
stgcn,limb_occlusion_mild,2,brushing teeth,273,0.8534798534798534,0.6703296703296703,0.18315018315018317
stgcn,limb_occlusion_mild,50,kicking other person,276,0.9347826086956522,0.7536231884057971,0.1811594202898551
stgcn,limb_occlusion_mild,36,wipe face,276,0.8297101449275363,0.6557971014492754,0.17391304347826086
stgcn,limb_occlusion_mild,37,salute,276,0.9239130434782609,0.75,0.17391304347826086
stgcn,limb_occlusion_moderate,53,point finger at the other person,276,0.8913043478260869,0.2391304347826087,0.6521739130434783
stgcn,limb_occlusion_moderate,34,nod head/bow,276,0.9710144927536232,0.5615942028985508,0.4094202898550724
stgcn,limb_occlusion_moderate,32,check time (from watch),276,0.8804347826086957,0.48188405797101447,0.3985507246376812
stgcn,limb_occlusion_moderate,50,kicking other person,276,0.9347826086956522,0.5398550724637681,0.39492753623188415
stgcn,limb_occlusion_moderate,37,salute,276,0.9239130434782609,0.5398550724637681,0.3840579710144928
stgcn,limb_occlusion_moderate,57,handshaking,276,0.9528985507246377,0.5760869565217391,0.37681159420289856
stgcn,limb_occlusion_moderate,47,nausea or vomiting condition,275,0.88,0.509090909090909,0.37090909090909097
stgcn,limb_occlusion_moderate,38,put the palms together,276,0.9347826086956522,0.5652173913043478,0.36956521739130443
stgcn,limb_occlusion_moderate,36,wipe face,276,0.8297101449275363,0.4673913043478261,0.36231884057971014
stgcn,limb_occlusion_moderate,44,touch chest (stomachache/heart pain),276,0.9202898550724637,0.5652173913043478,0.35507246376811596
stgcn,limb_occlusion_severe,53,point finger at the other person,276,0.8913043478260869,0.03260869565217391,0.858695652173913
stgcn,limb_occlusion_severe,50,kicking other person,276,0.9347826086956522,0.11956521739130435,0.8152173913043479
stgcn,limb_occlusion_severe,52,pat on back of other person,276,0.9384057971014492,0.26811594202898553,0.6702898550724636
stgcn,limb_occlusion_severe,49,punching/slapping other person,274,0.9087591240875912,0.28102189781021897,0.6277372262773722
stgcn,limb_occlusion_severe,57,handshaking,276,0.9528985507246377,0.32608695652173914,0.6268115942028986
stgcn,limb_occlusion_severe,34,nod head/bow,276,0.9710144927536232,0.35507246376811596,0.6159420289855072
stgcn,limb_occlusion_severe,31,taking a selfie,276,0.9021739130434783,0.322463768115942,0.5797101449275363
stgcn,limb_occlusion_severe,54,hugging other person,274,0.9854014598540146,0.4124087591240876,0.572992700729927
stgcn,limb_occlusion_severe,38,put the palms together,276,0.9347826086956522,0.36594202898550726,0.568840579710145
stgcn,limb_occlusion_severe,8,standing up (from sitting position),273,0.978021978021978,0.41025641025641024,0.5677655677655677
stgcn,mixed_mild,35,shake head,275,0.9418181818181818,0.21454545454545454,0.7272727272727273
stgcn,mixed_mild,50,kicking other person,276,0.9347826086956522,0.2608695652173913,0.673913043478261
stgcn,mixed_mild,38,put the palms together,276,0.9347826086956522,0.2898550724637681,0.644927536231884
stgcn,mixed_mild,53,point finger at the other person,276,0.8913043478260869,0.2463768115942029,0.644927536231884
stgcn,mixed_mild,57,handshaking,276,0.9528985507246377,0.31521739130434784,0.6376811594202898
stgcn,mixed_mild,24,reach into pocket,274,0.8211678832116789,0.22627737226277372,0.5948905109489051
stgcn,mixed_mild,23,kicking something,276,0.9239130434782609,0.3333333333333333,0.5905797101449275
stgcn,mixed_mild,36,wipe face,276,0.8297101449275363,0.25,0.5797101449275363
stgcn,mixed_mild,27,make a phone call/answer phone,275,0.8581818181818182,0.28363636363636363,0.5745454545454545
stgcn,mixed_mild,46,touch neck (neckache),276,0.8478260869565217,0.30434782608695654,0.5434782608695652
stgcn,mixed_moderate,51,pushing other person,276,0.9565217391304348,0.11956521739130435,0.8369565217391305
stgcn,mixed_moderate,35,shake head,275,0.9418181818181818,0.11272727272727273,0.8290909090909091
stgcn,mixed_moderate,38,put the palms together,276,0.9347826086956522,0.11231884057971014,0.8224637681159421
stgcn,mixed_moderate,57,handshaking,276,0.9528985507246377,0.13768115942028986,0.8152173913043479
stgcn,mixed_moderate,41,staggering,276,0.9927536231884058,0.17753623188405798,0.8152173913043478
stgcn,mixed_moderate,50,kicking other person,276,0.9347826086956522,0.13768115942028986,0.7971014492753623
stgcn,mixed_moderate,23,kicking something,276,0.9239130434782609,0.13405797101449277,0.7898550724637681
stgcn,mixed_moderate,49,punching/slapping other person,274,0.9087591240875912,0.12043795620437957,0.7883211678832116
stgcn,mixed_moderate,56,touch other person's pocket,275,0.92,0.13818181818181818,0.7818181818181819
stgcn,mixed_moderate,53,point finger at the other person,276,0.8913043478260869,0.11594202898550725,0.7753623188405797
stgcn,mixed_severe,38,put the palms together,276,0.9347826086956522,0.028985507246376812,0.9057971014492754
stgcn,mixed_severe,35,shake head,275,0.9418181818181818,0.06545454545454546,0.8763636363636363
stgcn,mixed_severe,41,staggering,276,0.9927536231884058,0.11956521739130435,0.8731884057971014
stgcn,mixed_severe,51,pushing other person,276,0.9565217391304348,0.08333333333333333,0.8731884057971014
stgcn,mixed_severe,50,kicking other person,276,0.9347826086956522,0.06884057971014493,0.8659420289855073
stgcn,mixed_severe,57,handshaking,276,0.9528985507246377,0.09057971014492754,0.8623188405797102
stgcn,mixed_severe,8,standing up (from sitting position),273,0.978021978021978,0.11721611721611722,0.8608058608058607
stgcn,mixed_severe,13,wear jacket,275,0.9854545454545455,0.12727272727272726,0.8581818181818182
stgcn,mixed_severe,42,falling,275,0.9854545454545455,0.13090909090909092,0.8545454545454545
stgcn,mixed_severe,56,touch other person's pocket,275,0.92,0.06909090909090909,0.850909090909091
stgcnpp,clean,0,drink water,274,0.864963503649635,0.864963503649635,0.0
stgcnpp,clean,1,eat meal/snack,275,0.7272727272727273,0.7272727272727273,0.0
stgcnpp,clean,2,brushing teeth,273,0.8534798534798534,0.8534798534798534,0.0
stgcnpp,clean,3,brushing hair,273,0.9194139194139194,0.9194139194139194,0.0
stgcnpp,clean,4,drop,275,0.88,0.88,0.0
stgcnpp,clean,5,pickup,275,0.9672727272727273,0.9672727272727273,0.0
stgcnpp,clean,6,throw,275,0.9127272727272727,0.9127272727272727,0.0
stgcnpp,clean,7,sitting down,273,0.9633699633699634,0.9633699633699634,0.0
stgcnpp,clean,8,standing up (from sitting position),273,0.9926739926739927,0.9926739926739927,0.0
stgcnpp,clean,9,clapping,273,0.7692307692307693,0.7692307692307693,0.0
stgcnpp,coord_noise_mild,45,touch back (backache),276,0.9202898550724637,0.09420289855072464,0.8260869565217391
stgcnpp,coord_noise_mild,35,shake head,275,0.9309090909090909,0.12727272727272726,0.8036363636363637
stgcnpp,coord_noise_mild,36,wipe face,276,0.855072463768116,0.06521739130434782,0.7898550724637682
stgcnpp,coord_noise_mild,28,playing with phone/tablet,275,0.7381818181818182,0.04363636363636364,0.6945454545454546
stgcnpp,coord_noise_mild,53,point finger at the other person,276,0.8876811594202898,0.25,0.6376811594202898
stgcnpp,coord_noise_mild,43,touch head (headache),276,0.855072463768116,0.26811594202898553,0.5869565217391304
stgcnpp,coord_noise_mild,11,writing,272,0.5772058823529411,0.025735294117647058,0.551470588235294
stgcnpp,coord_noise_mild,33,rub two hands together,276,0.8913043478260869,0.34782608695652173,0.5434782608695652
stgcnpp,coord_noise_mild,2,brushing teeth,273,0.8534798534798534,0.31868131868131866,0.5347985347985348
stgcnpp,coord_noise_mild,0,drink water,274,0.864963503649635,0.33211678832116787,0.5328467153284672
stgcnpp,coord_noise_moderate,51,pushing other person,276,0.9601449275362319,0.0,0.9601449275362319
stgcnpp,coord_noise_moderate,57,handshaking,276,0.9565217391304348,0.0,0.9565217391304348
stgcnpp,coord_noise_moderate,55,giving something to other person,276,0.9311594202898551,0.0,0.9311594202898551
stgcnpp,coord_noise_moderate,50,kicking other person,276,0.9347826086956522,0.007246376811594203,0.927536231884058
stgcnpp,coord_noise_moderate,45,touch back (backache),276,0.9202898550724637,0.0036231884057971015,0.9166666666666666
stgcnpp,coord_noise_moderate,27,make a phone call/answer phone,275,0.9090909090909091,0.007272727272727273,0.9018181818181817
stgcnpp,coord_noise_moderate,56,touch other person's pocket,275,0.9272727272727272,0.03272727272727273,0.8945454545454545
stgcnpp,coord_noise_moderate,33,rub two hands together,276,0.8913043478260869,0.0036231884057971015,0.8876811594202898
stgcnpp,coord_noise_moderate,53,point finger at the other person,276,0.8876811594202898,0.0,0.8876811594202898
stgcnpp,coord_noise_moderate,8,standing up (from sitting position),273,0.9926739926739927,0.10989010989010989,0.8827838827838828
stgcnpp,coord_noise_severe,26,jump up,276,1.0,0.0,1.0
stgcnpp,coord_noise_severe,8,standing up (from sitting position),273,0.9926739926739927,0.0,0.9926739926739927
stgcnpp,coord_noise_severe,41,staggering,276,0.9927536231884058,0.014492753623188406,0.9782608695652174
stgcnpp,coord_noise_severe,25,hopping (one foot jumping),275,0.9890909090909091,0.01090909090909091,0.9781818181818183
stgcnpp,coord_noise_severe,14,take off jacket,276,0.967391304347826,0.0,0.967391304347826
stgcnpp,coord_noise_severe,20,take off a hat/cap,273,0.9743589743589743,0.007326007326007326,0.967032967032967
stgcnpp,coord_noise_severe,59,walking apart from each other,276,0.9637681159420289,0.0,0.9637681159420289
stgcnpp,coord_noise_severe,19,put on a hat/cap,272,0.9632352941176471,0.0,0.9632352941176471
stgcnpp,coord_noise_severe,51,pushing other person,276,0.9601449275362319,0.0,0.9601449275362319
stgcnpp,coord_noise_severe,57,handshaking,276,0.9565217391304348,0.0,0.9565217391304348
stgcnpp,frame_missing_mild,15,wear a shoe,273,0.7435897435897436,0.5604395604395604,0.18315018315018317
stgcnpp,frame_missing_mild,27,make a phone call/answer phone,275,0.9090909090909091,0.730909090909091,0.1781818181818181
stgcnpp,frame_missing_mild,53,point finger at the other person,276,0.8876811594202898,0.7101449275362319,0.17753623188405787
stgcnpp,frame_missing_mild,18,take off glasses,274,0.9525547445255474,0.8102189781021898,0.14233576642335766
stgcnpp,frame_missing_mild,17,wear on glasses,273,0.9120879120879121,0.7875457875457875,0.12454212454212454
stgcnpp,frame_missing_mild,24,reach into pocket,274,0.8175182481751825,0.708029197080292,0.10948905109489049
stgcnpp,frame_missing_mild,36,wipe face,276,0.855072463768116,0.7463768115942029,0.10869565217391308
stgcnpp,frame_missing_mild,55,giving something to other person,276,0.9311594202898551,0.822463768115942,0.10869565217391308
stgcnpp,frame_missing_mild,43,touch head (headache),276,0.855072463768116,0.75,0.10507246376811596
stgcnpp,frame_missing_mild,10,reading,273,0.5860805860805861,0.4835164835164835,0.10256410256410259
stgcnpp,frame_missing_moderate,53,point finger at the other person,276,0.8876811594202898,0.4855072463768116,0.4021739130434782
stgcnpp,frame_missing_moderate,18,take off glasses,274,0.9525547445255474,0.5802919708029197,0.3722627737226277
stgcnpp,frame_missing_moderate,51,pushing other person,276,0.9601449275362319,0.6014492753623188,0.3586956521739131
stgcnpp,frame_missing_moderate,27,make a phone call/answer phone,275,0.9090909090909091,0.56,0.349090909090909
stgcnpp,frame_missing_moderate,57,handshaking,276,0.9565217391304348,0.6485507246376812,0.30797101449275366
stgcnpp,frame_missing_moderate,17,wear on glasses,273,0.9120879120879121,0.6153846153846154,0.29670329670329665
stgcnpp,frame_missing_moderate,49,punching/slapping other person,274,0.8868613138686131,0.5985401459854015,0.2883211678832116
stgcnpp,frame_missing_moderate,52,pat on back of other person,276,0.9384057971014492,0.6666666666666666,0.2717391304347826
stgcnpp,frame_missing_moderate,36,wipe face,276,0.855072463768116,0.5869565217391305,0.2681159420289855
stgcnpp,frame_missing_moderate,46,touch neck (neckache),276,0.8478260869565217,0.5942028985507246,0.2536231884057971
stgcnpp,frame_missing_severe,53,point finger at the other person,276,0.8876811594202898,0.10144927536231885,0.786231884057971
stgcnpp,frame_missing_severe,52,pat on back of other person,276,0.9384057971014492,0.213768115942029,0.7246376811594202
stgcnpp,frame_missing_severe,18,take off glasses,274,0.9525547445255474,0.33941605839416056,0.6131386861313869
stgcnpp,frame_missing_severe,57,handshaking,276,0.9565217391304348,0.37318840579710144,0.5833333333333334
stgcnpp,frame_missing_severe,39,cross hands in front (say stop),276,0.9239130434782609,0.391304347826087,0.5326086956521738
stgcnpp,frame_missing_severe,51,pushing other person,276,0.9601449275362319,0.43478260869565216,0.5253623188405798
stgcnpp,frame_missing_severe,49,punching/slapping other person,274,0.8868613138686131,0.3795620437956204,0.5072992700729927
stgcnpp,frame_missing_severe,46,touch neck (neckache),276,0.8478260869565217,0.358695652173913,0.4891304347826087
stgcnpp,frame_missing_severe,27,make a phone call/answer phone,275,0.9090909090909091,0.43272727272727274,0.4763636363636363
stgcnpp,frame_missing_severe,55,giving something to other person,276,0.9311594202898551,0.463768115942029,0.4673913043478261
stgcnpp,joint_missing_mild,53,point finger at the other person,276,0.8876811594202898,0.213768115942029,0.6739130434782608
stgcnpp,joint_missing_mild,58,walking towards each other,273,0.9963369963369964,0.4468864468864469,0.5494505494505495
stgcnpp,joint_missing_mild,43,touch head (headache),276,0.855072463768116,0.35144927536231885,0.5036231884057971
stgcnpp,joint_missing_mild,45,touch back (backache),276,0.9202898550724637,0.4601449275362319,0.4601449275362319
stgcnpp,joint_missing_mild,50,kicking other person,276,0.9347826086956522,0.4855072463768116,0.44927536231884063
stgcnpp,joint_missing_mild,55,giving something to other person,276,0.9311594202898551,0.4891304347826087,0.4420289855072464
stgcnpp,joint_missing_mild,11,writing,272,0.5772058823529411,0.13602941176470587,0.4411764705882353
stgcnpp,joint_missing_mild,36,wipe face,276,0.855072463768116,0.4420289855072464,0.41304347826086957
stgcnpp,joint_missing_mild,57,handshaking,276,0.9565217391304348,0.5688405797101449,0.3876811594202899
stgcnpp,joint_missing_mild,2,brushing teeth,273,0.8534798534798534,0.47985347985347987,0.3736263736263736
stgcnpp,joint_missing_moderate,58,walking towards each other,273,0.9963369963369964,0.029304029304029304,0.967032967032967
stgcnpp,joint_missing_moderate,51,pushing other person,276,0.9601449275362319,0.0,0.9601449275362319
stgcnpp,joint_missing_moderate,41,staggering,276,0.9927536231884058,0.050724637681159424,0.9420289855072463
stgcnpp,joint_missing_moderate,55,giving something to other person,276,0.9311594202898551,0.0,0.9311594202898551
stgcnpp,joint_missing_moderate,50,kicking other person,276,0.9347826086956522,0.007246376811594203,0.927536231884058
stgcnpp,joint_missing_moderate,7,sitting down,273,0.9633699633699634,0.03663003663003663,0.9267399267399268
stgcnpp,joint_missing_moderate,45,touch back (backache),276,0.9202898550724637,0.0036231884057971015,0.9166666666666666
stgcnpp,joint_missing_moderate,57,handshaking,276,0.9565217391304348,0.04710144927536232,0.9094202898550725
stgcnpp,joint_missing_moderate,32,check time (from watch),276,0.9057971014492754,0.010869565217391304,0.894927536231884
stgcnpp,joint_missing_moderate,27,make a phone call/answer phone,275,0.9090909090909091,0.014545454545454545,0.8945454545454545
stgcnpp,joint_missing_severe,58,walking towards each other,273,0.9963369963369964,0.0,0.9963369963369964
stgcnpp,joint_missing_severe,41,staggering,276,0.9927536231884058,0.0,0.9927536231884058
stgcnpp,joint_missing_severe,42,falling,275,0.9963636363636363,0.0036363636363636364,0.9927272727272727
stgcnpp,joint_missing_severe,8,standing up (from sitting position),273,0.9926739926739927,0.0,0.9926739926739927
stgcnpp,joint_missing_severe,26,jump up,276,1.0,0.010869565217391304,0.9891304347826086
stgcnpp,joint_missing_severe,25,hopping (one foot jumping),275,0.9890909090909091,0.01818181818181818,0.9709090909090909
stgcnpp,joint_missing_severe,5,pickup,275,0.9672727272727273,0.0,0.9672727272727273
stgcnpp,joint_missing_severe,14,take off jacket,276,0.967391304347826,0.0036231884057971015,0.9637681159420289
stgcnpp,joint_missing_severe,7,sitting down,273,0.9633699633699634,0.0,0.9633699633699634
stgcnpp,joint_missing_severe,19,put on a hat/cap,272,0.9632352941176471,0.0,0.9632352941176471
stgcnpp,limb_occlusion_mild,53,point finger at the other person,276,0.8876811594202898,0.5543478260869565,0.33333333333333326
stgcnpp,limb_occlusion_mild,40,sneeze/cough,276,0.7463768115942029,0.5036231884057971,0.24275362318840576
stgcnpp,limb_occlusion_mild,39,cross hands in front (say stop),276,0.9239130434782609,0.6847826086956522,0.23913043478260865
stgcnpp,limb_occlusion_mild,43,touch head (headache),276,0.855072463768116,0.6195652173913043,0.23550724637681164
stgcnpp,limb_occlusion_mild,32,check time (from watch),276,0.9057971014492754,0.6884057971014492,0.21739130434782616
stgcnpp,limb_occlusion_mild,20,take off a hat/cap,273,0.9743589743589743,0.7582417582417582,0.21611721611721613
stgcnpp,limb_occlusion_mild,57,handshaking,276,0.9565217391304348,0.7463768115942029,0.21014492753623193
stgcnpp,limb_occlusion_mild,47,nausea or vomiting condition,275,0.8545454545454545,0.6545454545454545,0.19999999999999996
stgcnpp,limb_occlusion_mild,12,tear up paper,271,0.8966789667896679,0.6974169741697417,0.19926199261992616
stgcnpp,limb_occlusion_mild,37,salute,276,0.9094202898550725,0.7137681159420289,0.19565217391304357
stgcnpp,limb_occlusion_moderate,53,point finger at the other person,276,0.8876811594202898,0.2971014492753623,0.5905797101449275
stgcnpp,limb_occlusion_moderate,39,cross hands in front (say stop),276,0.9239130434782609,0.391304347826087,0.5326086956521738
stgcnpp,limb_occlusion_moderate,58,walking towards each other,273,0.9963369963369964,0.5091575091575091,0.4871794871794872
stgcnpp,limb_occlusion_moderate,20,take off a hat/cap,273,0.9743589743589743,0.5421245421245421,0.43223443223443225
stgcnpp,limb_occlusion_moderate,43,touch head (headache),276,0.855072463768116,0.4384057971014493,0.4166666666666667
stgcnpp,limb_occlusion_moderate,32,check time (from watch),276,0.9057971014492754,0.5072463768115942,0.39855072463768115
stgcnpp,limb_occlusion_moderate,40,sneeze/cough,276,0.7463768115942029,0.35507246376811596,0.3913043478260869
stgcnpp,limb_occlusion_moderate,34,nod head/bow,276,0.9782608695652174,0.5905797101449275,0.3876811594202899
stgcnpp,limb_occlusion_moderate,5,pickup,275,0.9672727272727273,0.5854545454545454,0.38181818181818183
stgcnpp,limb_occlusion_moderate,50,kicking other person,276,0.9347826086956522,0.5579710144927537,0.37681159420289856
stgcnpp,limb_occlusion_severe,58,walking towards each other,273,0.9963369963369964,0.18681318681318682,0.8095238095238095
stgcnpp,limb_occlusion_severe,41,staggering,276,0.9927536231884058,0.25,0.7427536231884058
stgcnpp,limb_occlusion_severe,5,pickup,275,0.9672727272727273,0.2290909090909091,0.7381818181818182
stgcnpp,limb_occlusion_severe,39,cross hands in front (say stop),276,0.9239130434782609,0.2028985507246377,0.7210144927536232
stgcnpp,limb_occlusion_severe,53,point finger at the other person,276,0.8876811594202898,0.19927536231884058,0.6884057971014492
stgcnpp,limb_occlusion_severe,13,wear jacket,275,0.9818181818181818,0.29454545454545455,0.6872727272727273
stgcnpp,limb_occlusion_severe,20,take off a hat/cap,273,0.9743589743589743,0.30036630036630035,0.673992673992674
stgcnpp,limb_occlusion_severe,50,kicking other person,276,0.9347826086956522,0.2644927536231884,0.6702898550724639
stgcnpp,limb_occlusion_severe,43,touch head (headache),276,0.855072463768116,0.23550724637681159,0.6195652173913044
stgcnpp,limb_occlusion_severe,34,nod head/bow,276,0.9782608695652174,0.36594202898550726,0.6123188405797102
stgcnpp,mixed_mild,53,point finger at the other person,276,0.8876811594202898,0.18840579710144928,0.6992753623188406
stgcnpp,mixed_mild,45,touch back (backache),276,0.9202898550724637,0.3115942028985507,0.6086956521739131
stgcnpp,mixed_mild,36,wipe face,276,0.855072463768116,0.2753623188405797,0.5797101449275363
stgcnpp,mixed_mild,51,pushing other person,276,0.9601449275362319,0.3804347826086957,0.5797101449275363
stgcnpp,mixed_mild,58,walking towards each other,273,0.9963369963369964,0.43223443223443225,0.5641025641025641
stgcnpp,mixed_mild,57,handshaking,276,0.9565217391304348,0.39492753623188404,0.5615942028985508
stgcnpp,mixed_mild,50,kicking other person,276,0.9347826086956522,0.37681159420289856,0.5579710144927537
stgcnpp,mixed_mild,43,touch head (headache),276,0.855072463768116,0.3007246376811594,0.5543478260869565
stgcnpp,mixed_mild,55,giving something to other person,276,0.9311594202898551,0.38768115942028986,0.5434782608695652
stgcnpp,mixed_mild,41,staggering,276,0.9927536231884058,0.4528985507246377,0.5398550724637681
stgcnpp,mixed_moderate,51,pushing other person,276,0.9601449275362319,0.11231884057971014,0.8478260869565217
stgcnpp,mixed_moderate,41,staggering,276,0.9927536231884058,0.17391304347826086,0.8188405797101449
stgcnpp,mixed_moderate,45,touch back (backache),276,0.9202898550724637,0.10869565217391304,0.8115942028985507
stgcnpp,mixed_moderate,27,make a phone call/answer phone,275,0.9090909090909091,0.11272727272727273,0.7963636363636364
stgcnpp,mixed_moderate,55,giving something to other person,276,0.9311594202898551,0.14130434782608695,0.7898550724637682
stgcnpp,mixed_moderate,57,handshaking,276,0.9565217391304348,0.16666666666666666,0.7898550724637682
stgcnpp,mixed_moderate,50,kicking other person,276,0.9347826086956522,0.14855072463768115,0.7862318840579711
stgcnpp,mixed_moderate,33,rub two hands together,276,0.8913043478260869,0.10507246376811594,0.786231884057971
stgcnpp,mixed_moderate,53,point finger at the other person,276,0.8876811594202898,0.10144927536231885,0.786231884057971
stgcnpp,mixed_moderate,18,take off glasses,274,0.9525547445255474,0.17153284671532848,0.781021897810219
stgcnpp,mixed_severe,41,staggering,276,0.9927536231884058,0.07608695652173914,0.9166666666666666
stgcnpp,mixed_severe,51,pushing other person,276,0.9601449275362319,0.07246376811594203,0.8876811594202899
stgcnpp,mixed_severe,8,standing up (from sitting position),273,0.9926739926739927,0.10989010989010989,0.8827838827838828
stgcnpp,mixed_severe,18,take off glasses,274,0.9525547445255474,0.072992700729927,0.8795620437956204
stgcnpp,mixed_severe,57,handshaking,276,0.9565217391304348,0.07971014492753623,0.8768115942028986
stgcnpp,mixed_severe,59,walking apart from each other,276,0.9637681159420289,0.10144927536231885,0.8623188405797101
stgcnpp,mixed_severe,14,take off jacket,276,0.967391304347826,0.10869565217391304,0.858695652173913
stgcnpp,mixed_severe,42,falling,275,0.9963636363636363,0.13818181818181818,0.8581818181818182
stgcnpp,mixed_severe,39,cross hands in front (say stop),276,0.9239130434782609,0.06884057971014493,0.855072463768116
stgcnpp,mixed_severe,53,point finger at the other person,276,0.8876811594202898,0.036231884057971016,0.8514492753623187
ctrgcn,clean,0,drink water,274,0.8321167883211679,0.8321167883211679,0.0
ctrgcn,clean,1,eat meal/snack,275,0.7236363636363636,0.7236363636363636,0.0
ctrgcn,clean,2,brushing teeth,273,0.8571428571428571,0.8571428571428571,0.0
ctrgcn,clean,3,brushing hair,273,0.9120879120879121,0.9120879120879121,0.0
ctrgcn,clean,4,drop,275,0.8872727272727273,0.8872727272727273,0.0
ctrgcn,clean,5,pickup,275,0.9636363636363636,0.9636363636363636,0.0
ctrgcn,clean,6,throw,275,0.9381818181818182,0.9381818181818182,0.0
ctrgcn,clean,7,sitting down,273,0.9597069597069597,0.9597069597069597,0.0
ctrgcn,clean,8,standing up (from sitting position),273,0.978021978021978,0.978021978021978,0.0
ctrgcn,clean,9,clapping,273,0.8424908424908425,0.8424908424908425,0.0
ctrgcn,coord_noise_mild,35,shake head,275,0.96,0.12,0.84
ctrgcn,coord_noise_mild,36,wipe face,276,0.8369565217391305,0.13768115942028986,0.6992753623188406
ctrgcn,coord_noise_mild,46,touch neck (neckache),276,0.8985507246376812,0.391304347826087,0.5072463768115942
ctrgcn,coord_noise_mild,10,reading,273,0.5970695970695971,0.21611721611721613,0.38095238095238093
ctrgcn,coord_noise_mild,38,put the palms together,276,0.9130434782608695,0.532608695652174,0.38043478260869557
ctrgcn,coord_noise_mild,27,make a phone call/answer phone,275,0.9054545454545454,0.5309090909090909,0.3745454545454545
ctrgcn,coord_noise_mild,24,reach into pocket,274,0.8686131386861314,0.5109489051094891,0.35766423357664234
ctrgcn,coord_noise_mild,45,touch back (backache),276,0.9492753623188406,0.5978260869565217,0.35144927536231885
ctrgcn,coord_noise_mild,40,sneeze/cough,276,0.7753623188405797,0.4384057971014493,0.33695652173913043
ctrgcn,coord_noise_mild,28,playing with phone/tablet,275,0.6909090909090909,0.36363636363636365,0.32727272727272727
ctrgcn,coord_noise_moderate,55,giving something to other person,276,0.9239130434782609,0.050724637681159424,0.8731884057971014
ctrgcn,coord_noise_moderate,56,touch other person's pocket,275,0.9054545454545454,0.07272727272727272,0.8327272727272726
ctrgcn,coord_noise_moderate,24,reach into pocket,274,0.8686131386861314,0.040145985401459854,0.8284671532846716
ctrgcn,coord_noise_moderate,57,handshaking,276,0.9710144927536232,0.15217391304347827,0.8188405797101449
ctrgcn,coord_noise_moderate,27,make a phone call/answer phone,275,0.9054545454545454,0.08727272727272728,0.8181818181818181
ctrgcn,coord_noise_moderate,36,wipe face,276,0.8369565217391305,0.021739130434782608,0.8152173913043479
ctrgcn,coord_noise_moderate,35,shake head,275,0.96,0.15636363636363637,0.8036363636363636
ctrgcn,coord_noise_moderate,38,put the palms together,276,0.9130434782608695,0.11231884057971014,0.8007246376811594
ctrgcn,coord_noise_moderate,0,drink water,274,0.8321167883211679,0.05474452554744526,0.7773722627737226
ctrgcn,coord_noise_moderate,50,kicking other person,276,0.9528985507246377,0.18115942028985507,0.7717391304347826
ctrgcn,coord_noise_severe,41,staggering,276,0.9963768115942029,0.0,0.9963768115942029
ctrgcn,coord_noise_severe,14,take off jacket,276,0.9855072463768116,0.0,0.9855072463768116
ctrgcn,coord_noise_severe,25,hopping (one foot jumping),275,0.9854545454545455,0.0,0.9854545454545455
ctrgcn,coord_noise_severe,8,standing up (from sitting position),273,0.978021978021978,0.0,0.978021978021978
ctrgcn,coord_noise_severe,57,handshaking,276,0.9710144927536232,0.0,0.9710144927536232
ctrgcn,coord_noise_severe,51,pushing other person,276,0.9565217391304348,0.0,0.9565217391304348
ctrgcn,coord_noise_severe,5,pickup,275,0.9636363636363636,0.007272727272727273,0.9563636363636363
ctrgcn,coord_noise_severe,50,kicking other person,276,0.9528985507246377,0.0,0.9528985507246377
ctrgcn,coord_noise_severe,54,hugging other person,274,0.9817518248175182,0.029197080291970802,0.9525547445255474
ctrgcn,coord_noise_severe,19,put on a hat/cap,272,0.9595588235294118,0.007352941176470588,0.9522058823529412
ctrgcn,frame_missing_mild,11,writing,272,0.6176470588235294,0.2867647058823529,0.3308823529411765
ctrgcn,frame_missing_mild,46,touch neck (neckache),276,0.8985507246376812,0.6413043478260869,0.25724637681159424
ctrgcn,frame_missing_mild,43,touch head (headache),276,0.8405797101449275,0.6521739130434783,0.18840579710144922
ctrgcn,frame_missing_mild,15,wear a shoe,273,0.9010989010989011,0.7216117216117216,0.17948717948717952
ctrgcn,frame_missing_mild,32,check time (from watch),276,0.9057971014492754,0.7318840579710145,0.17391304347826086
ctrgcn,frame_missing_mild,27,make a phone call/answer phone,275,0.9054545454545454,0.7490909090909091,0.15636363636363626
ctrgcn,frame_missing_mild,28,playing with phone/tablet,275,0.6909090909090909,0.5563636363636364,0.13454545454545452
ctrgcn,frame_missing_mild,24,reach into pocket,274,0.8686131386861314,0.7445255474452555,0.12408759124087598
ctrgcn,frame_missing_mild,9,clapping,273,0.8424908424908425,0.7289377289377289,0.1135531135531136
ctrgcn,frame_missing_mild,57,handshaking,276,0.9710144927536232,0.8623188405797102,0.10869565217391297
ctrgcn,frame_missing_moderate,11,writing,272,0.6176470588235294,0.10294117647058823,0.5147058823529412
ctrgcn,frame_missing_moderate,46,touch neck (neckache),276,0.8985507246376812,0.38405797101449274,0.5144927536231885
ctrgcn,frame_missing_moderate,57,handshaking,276,0.9710144927536232,0.5289855072463768,0.44202898550724634
ctrgcn,frame_missing_moderate,43,touch head (headache),276,0.8405797101449275,0.427536231884058,0.4130434782608695
ctrgcn,frame_missing_moderate,15,wear a shoe,273,0.9010989010989011,0.5018315018315018,0.3992673992673993
ctrgcn,frame_missing_moderate,32,check time (from watch),276,0.9057971014492754,0.5217391304347826,0.3840579710144928
ctrgcn,frame_missing_moderate,18,take off glasses,274,0.9416058394160584,0.6167883211678832,0.3248175182481752
ctrgcn,frame_missing_moderate,51,pushing other person,276,0.9565217391304348,0.6376811594202898,0.318840579710145
ctrgcn,frame_missing_moderate,20,take off a hat/cap,273,0.967032967032967,0.6556776556776557,0.31135531135531136
ctrgcn,frame_missing_moderate,0,drink water,274,0.8321167883211679,0.5255474452554745,0.3065693430656934
ctrgcn,frame_missing_severe,57,handshaking,276,0.9710144927536232,0.2246376811594203,0.7463768115942029
ctrgcn,frame_missing_severe,46,touch neck (neckache),276,0.8985507246376812,0.1956521739130435,0.7028985507246377
ctrgcn,frame_missing_severe,12,tear up paper,271,0.922509225092251,0.25830258302583026,0.6642066420664208
ctrgcn,frame_missing_severe,32,check time (from watch),276,0.9057971014492754,0.26811594202898553,0.6376811594202898
ctrgcn,frame_missing_severe,18,take off glasses,274,0.9416058394160584,0.30656934306569344,0.635036496350365
ctrgcn,frame_missing_severe,20,take off a hat/cap,273,0.967032967032967,0.358974358974359,0.6080586080586081
ctrgcn,frame_missing_severe,51,pushing other person,276,0.9565217391304348,0.3804347826086957,0.5760869565217391
ctrgcn,frame_missing_severe,7,sitting down,273,0.9597069597069597,0.39194139194139194,0.5677655677655677
ctrgcn,frame_missing_severe,42,falling,275,0.9927272727272727,0.4290909090909091,0.5636363636363636
ctrgcn,frame_missing_severe,53,point finger at the other person,276,0.9094202898550725,0.34782608695652173,0.5615942028985508
ctrgcn,joint_missing_mild,35,shake head,275,0.96,0.2290909090909091,0.7309090909090908
ctrgcn,joint_missing_mild,46,touch neck (neckache),276,0.8985507246376812,0.2463768115942029,0.6521739130434783
ctrgcn,joint_missing_mild,36,wipe face,276,0.8369565217391305,0.29347826086956524,0.5434782608695652
ctrgcn,joint_missing_mild,57,handshaking,276,0.9710144927536232,0.4673913043478261,0.5036231884057971
ctrgcn,joint_missing_mild,50,kicking other person,276,0.9528985507246377,0.5144927536231884,0.43840579710144933
ctrgcn,joint_missing_mild,45,touch back (backache),276,0.9492753623188406,0.5181159420289855,0.4311594202898551
ctrgcn,joint_missing_mild,27,make a phone call/answer phone,275,0.9054545454545454,0.48727272727272725,0.41818181818181815
ctrgcn,joint_missing_mild,28,playing with phone/tablet,275,0.6909090909090909,0.28363636363636363,0.4072727272727273
ctrgcn,joint_missing_mild,43,touch head (headache),276,0.8405797101449275,0.4384057971014493,0.4021739130434782
ctrgcn,joint_missing_mild,52,pat on back of other person,276,0.9130434782608695,0.5144927536231884,0.39855072463768115
ctrgcn,joint_missing_moderate,41,staggering,276,0.9963768115942029,0.021739130434782608,0.9746376811594203
ctrgcn,joint_missing_moderate,25,hopping (one foot jumping),275,0.9854545454545455,0.025454545454545455,0.96
ctrgcn,joint_missing_moderate,35,shake head,275,0.96,0.0036363636363636364,0.9563636363636363
ctrgcn,joint_missing_moderate,50,kicking other person,276,0.9528985507246377,0.0,0.9528985507246377
ctrgcn,joint_missing_moderate,23,kicking something,276,0.9637681159420289,0.021739130434782608,0.9420289855072463
ctrgcn,joint_missing_moderate,57,handshaking,276,0.9710144927536232,0.03260869565217391,0.9384057971014492
ctrgcn,joint_missing_moderate,45,touch back (backache),276,0.9492753623188406,0.021739130434782608,0.927536231884058
ctrgcn,joint_missing_moderate,46,touch neck (neckache),276,0.8985507246376812,0.0036231884057971015,0.894927536231884
ctrgcn,joint_missing_moderate,56,touch other person's pocket,275,0.9054545454545454,0.06909090909090909,0.8363636363636363
ctrgcn,joint_missing_moderate,24,reach into pocket,274,0.8686131386861314,0.0364963503649635,0.832116788321168
ctrgcn,joint_missing_severe,41,staggering,276,0.9963768115942029,0.0,0.9963768115942029
ctrgcn,joint_missing_severe,26,jump up,276,1.0,0.007246376811594203,0.9927536231884058
ctrgcn,joint_missing_severe,13,wear jacket,275,0.9854545454545455,0.0,0.9854545454545455
ctrgcn,joint_missing_severe,25,hopping (one foot jumping),275,0.9854545454545455,0.0,0.9854545454545455
ctrgcn,joint_missing_severe,8,standing up (from sitting position),273,0.978021978021978,0.0,0.978021978021978
ctrgcn,joint_missing_severe,57,handshaking,276,0.9710144927536232,0.0036231884057971015,0.967391304347826
ctrgcn,joint_missing_severe,23,kicking something,276,0.9637681159420289,0.0,0.9637681159420289
ctrgcn,joint_missing_severe,5,pickup,275,0.9636363636363636,0.0,0.9636363636363636
ctrgcn,joint_missing_severe,35,shake head,275,0.96,0.0,0.96
ctrgcn,joint_missing_severe,7,sitting down,273,0.9597069597069597,0.0,0.9597069597069597
ctrgcn,limb_occlusion_mild,39,cross hands in front (say stop),276,0.9528985507246377,0.7137681159420289,0.23913043478260876
ctrgcn,limb_occlusion_mild,47,nausea or vomiting condition,275,0.8618181818181818,0.6327272727272727,0.22909090909090912
ctrgcn,limb_occlusion_mild,30,pointing to something with finger,276,0.8297101449275363,0.6086956521739131,0.22101449275362317
ctrgcn,limb_occlusion_mild,37,salute,276,0.927536231884058,0.7210144927536232,0.2065217391304348
ctrgcn,limb_occlusion_mild,40,sneeze/cough,276,0.7753623188405797,0.572463768115942,0.2028985507246377
ctrgcn,limb_occlusion_mild,32,check time (from watch),276,0.9057971014492754,0.7137681159420289,0.19202898550724645
ctrgcn,limb_occlusion_mild,9,clapping,273,0.8424908424908425,0.652014652014652,0.19047619047619047
ctrgcn,limb_occlusion_mild,36,wipe face,276,0.8369565217391305,0.6521739130434783,0.18478260869565222
ctrgcn,limb_occlusion_mild,46,touch neck (neckache),276,0.8985507246376812,0.717391304347826,0.1811594202898551
ctrgcn,limb_occlusion_mild,20,take off a hat/cap,273,0.967032967032967,0.7912087912087912,0.17582417582417587
ctrgcn,limb_occlusion_moderate,39,cross hands in front (say stop),276,0.9528985507246377,0.40942028985507245,0.5434782608695652
ctrgcn,limb_occlusion_moderate,47,nausea or vomiting condition,275,0.8618181818181818,0.33090909090909093,0.5309090909090909
ctrgcn,limb_occlusion_moderate,9,clapping,273,0.8424908424908425,0.41025641025641024,0.43223443223443225
ctrgcn,limb_occlusion_moderate,38,put the palms together,276,0.9130434782608695,0.4891304347826087,0.4239130434782608
ctrgcn,limb_occlusion_moderate,21,cheer up,274,0.9343065693430657,0.5182481751824818,0.4160583941605839
ctrgcn,limb_occlusion_moderate,15,wear a shoe,273,0.9010989010989011,0.48717948717948717,0.41391941391941395
ctrgcn,limb_occlusion_moderate,32,check time (from watch),276,0.9057971014492754,0.5036231884057971,0.40217391304347827
ctrgcn,limb_occlusion_moderate,43,touch head (headache),276,0.8405797101449275,0.4384057971014493,0.4021739130434782
ctrgcn,limb_occlusion_moderate,37,salute,276,0.927536231884058,0.5289855072463768,0.39855072463768115
ctrgcn,limb_occlusion_moderate,20,take off a hat/cap,273,0.967032967032967,0.5860805860805861,0.38095238095238093
ctrgcn,limb_occlusion_severe,41,staggering,276,0.9963768115942029,0.17391304347826086,0.822463768115942
ctrgcn,limb_occlusion_severe,42,falling,275,0.9927272727272727,0.17454545454545456,0.8181818181818181
ctrgcn,limb_occlusion_severe,7,sitting down,273,0.9597069597069597,0.16483516483516483,0.7948717948717949
ctrgcn,limb_occlusion_severe,39,cross hands in front (say stop),276,0.9528985507246377,0.15942028985507245,0.7934782608695652
ctrgcn,limb_occlusion_severe,47,nausea or vomiting condition,275,0.8618181818181818,0.10545454545454545,0.7563636363636363
ctrgcn,limb_occlusion_severe,13,wear jacket,275,0.9854545454545455,0.23272727272727273,0.7527272727272727
ctrgcn,limb_occlusion_severe,15,wear a shoe,273,0.9010989010989011,0.15018315018315018,0.7509157509157509
ctrgcn,limb_occlusion_severe,58,walking towards each other,273,1.0,0.27472527472527475,0.7252747252747253
ctrgcn,limb_occlusion_severe,21,cheer up,274,0.9343065693430657,0.21897810218978103,0.7153284671532847
ctrgcn,limb_occlusion_severe,38,put the palms together,276,0.9130434782608695,0.2644927536231884,0.6485507246376812
ctrgcn,mixed_mild,35,shake head,275,0.96,0.29818181818181816,0.6618181818181819
ctrgcn,mixed_mild,46,touch neck (neckache),276,0.8985507246376812,0.286231884057971,0.6123188405797102
ctrgcn,mixed_mild,36,wipe face,276,0.8369565217391305,0.2572463768115942,0.5797101449275364
ctrgcn,mixed_mild,50,kicking other person,276,0.9528985507246377,0.42028985507246375,0.532608695652174
ctrgcn,mixed_mild,43,touch head (headache),276,0.8405797101449275,0.35144927536231885,0.48913043478260865
ctrgcn,mixed_mild,24,reach into pocket,274,0.8686131386861314,0.39416058394160586,0.4744525547445256
ctrgcn,mixed_mild,27,make a phone call/answer phone,275,0.9054545454545454,0.43636363636363634,0.46909090909090906
ctrgcn,mixed_mild,57,handshaking,276,0.9710144927536232,0.5108695652173914,0.4601449275362318
ctrgcn,mixed_mild,15,wear a shoe,273,0.9010989010989011,0.46886446886446886,0.43223443223443225
ctrgcn,mixed_mild,41,staggering,276,0.9963768115942029,0.5978260869565217,0.39855072463768115
ctrgcn,mixed_moderate,51,pushing other person,276,0.9565217391304348,0.13405797101449277,0.822463768115942
ctrgcn,mixed_moderate,46,touch neck (neckache),276,0.8985507246376812,0.08333333333333333,0.8152173913043478
ctrgcn,mixed_moderate,15,wear a shoe,273,0.9010989010989011,0.09523809523809523,0.8058608058608059
ctrgcn,mixed_moderate,50,kicking other person,276,0.9528985507246377,0.15942028985507245,0.7934782608695652
ctrgcn,mixed_moderate,41,staggering,276,0.9963768115942029,0.21014492753623187,0.786231884057971
ctrgcn,mixed_moderate,57,handshaking,276,0.9710144927536232,0.19202898550724637,0.7789855072463768
ctrgcn,mixed_moderate,7,sitting down,273,0.9597069597069597,0.18315018315018314,0.7765567765567766
ctrgcn,mixed_moderate,35,shake head,275,0.96,0.1890909090909091,0.7709090909090909
ctrgcn,mixed_moderate,23,kicking something,276,0.9637681159420289,0.2028985507246377,0.7608695652173912
ctrgcn,mixed_moderate,55,giving something to other person,276,0.9239130434782609,0.17028985507246377,0.7536231884057971
ctrgcn,mixed_severe,41,staggering,276,0.9963768115942029,0.07608695652173914,0.9202898550724637
ctrgcn,mixed_severe,51,pushing other person,276,0.9565217391304348,0.05434782608695652,0.9021739130434783
ctrgcn,mixed_severe,7,sitting down,273,0.9597069597069597,0.06227106227106227,0.8974358974358975
ctrgcn,mixed_severe,57,handshaking,276,0.9710144927536232,0.08333333333333333,0.8876811594202898
ctrgcn,mixed_severe,13,wear jacket,275,0.9854545454545455,0.10181818181818182,0.8836363636363637
ctrgcn,mixed_severe,42,falling,275,0.9927272727272727,0.11636363636363636,0.8763636363636363
ctrgcn,mixed_severe,8,standing up (from sitting position),273,0.978021978021978,0.10256410256410256,0.8754578754578755
ctrgcn,mixed_severe,23,kicking something,276,0.9637681159420289,0.09057971014492754,0.8731884057971014
ctrgcn,mixed_severe,5,pickup,275,0.9636363636363636,0.09090909090909091,0.8727272727272727
ctrgcn,mixed_severe,19,put on a hat/cap,272,0.9595588235294118,0.08823529411764706,0.8713235294117647
